sku,images,"m.value) SEPARATOR '|')"""
C-ICL24SEP15211G,http://assets8.exclusively.com/media/catalog/product/2/8/280915_C_ICL24SEP15211G_01.jpg|http://assets8.exclusively.com/media/catalog/product/2/8/280915_C_ICL24SEP15211G_001.jpg,
C-ICL24SEP15250P,http://assets8.exclusively.com/media/catalog/product/2/8/280915_C_ICL24SEP15250P_01.jpg|http://assets8.exclusively.com/media/catalog/product/2/8/280915_C_ICL24SEP15250P_001.jpg,
C-ICL24SEP15250W,http://assets8.exclusively.com/media/catalog/product/2/8/280915_C_ICL24SEP15250W_01.jpg|http://assets8.exclusively.com/media/catalog/product/2/8/280915_C_ICL24SEP15250W_001.jpg,
C-ICL24SEP15338W,http://assets8.exclusively.com/media/catalog/product/2/8/280915_C_ICL24SEP15338W_01.jpg|http://assets8.exclusively.com/media/catalog/product/2/8/280915_C_ICL24SEP15338W_001.jpg,
C-ICL24SEP15250B,http://assets8.exclusively.com/media/catalog/product/2/8/280915_C_ICL24SEP15250B_01.jpg|http://assets8.exclusively.com/media/catalog/product/2/8/280915_C_ICL24SEP15250B_001.jpg,
C-ICL24SEP15113G,http://assets8.exclusively.com/media/catalog/product/2/8/280915_C_ICL24SEP15113G_01.jpg|http://assets8.exclusively.com/media/catalog/product/2/8/280915_C_ICL24SEP15113G_001.jpg,
C-ICL24SEP15200W,http://assets8.exclusively.com/media/catalog/product/2/8/280915_C_ICL24SEP15200W_01.jpg|http://assets8.exclusively.com/media/catalog/product/2/8/280915_C_ICL24SEP15200W_001.jpg,
C-ICL24SEP15125B,http://assets8.exclusively.com/media/catalog/product/2/8/280915_C_ICL24SEP15125B_01.jpg|http://assets8.exclusively.com/media/catalog/product/2/8/280915_C_ICL24SEP15125B_001.jpg,
C-ICL24SEP15200G,http://assets8.exclusively.com/media/catalog/product/2/8/280915_C_ICL24SEP15200G_01.jpg|http://assets8.exclusively.com/media/catalog/product/2/8/280915_C_ICL24SEP15200G_001.jpg,
C-ICL24SEP15213G,http://assets8.exclusively.com/media/catalog/product/2/8/280915_C_ICL24SEP15213G_01.jpg|http://assets8.exclusively.com/media/catalog/product/2/8/280915_C_ICL24SEP15213G_001.jpg,
C-ICL24SEP15800G,http://assets8.exclusively.com/media/catalog/product/2/8/280915_C_ICL24SEP15800G_01.jpg|http://assets8.exclusively.com/media/catalog/product/2/8/280915_C_ICL24SEP15800G_001.jpg,
C-ICL24SEP15500W,http://assets8.exclusively.com/media/catalog/product/2/8/280915_C_ICL24SEP15500W_01.jpg|http://assets8.exclusively.com/media/catalog/product/2/8/280915_C_ICL24SEP15500W_001.jpg,
C-ICL24SEP15100G,http://assets8.exclusively.com/media/catalog/product/2/8/280915_C_ICL24SEP15100G_01.jpg|http://assets8.exclusively.com/media/catalog/product/2/8/280915_C_ICL24SEP15100G_001.jpg,
C-ICL24SEP15500B,http://assets8.exclusively.com/media/catalog/product/2/8/280915_C_ICL24SEP15500B_01.jpg|http://assets8.exclusively.com/media/catalog/product/2/8/280915_C_ICL24SEP15500B_001.jpg|http://assets8.exclusively.com/media/catalog/product/2/8/280915_C_ICL24SEP15500B_02.jpg|http://assets8.exclusively.com/media/catalog/product/2/8/280915_C_ICL24SEP15500B_03.jpg|http://assets8.exclusively.com/media/catalog/product/2/8/280915_C_ICL24SEP15500B_04.jpg,
C-ICL24SEP15500G,http://assets8.exclusively.com/media/catalog/product/2/8/280915_C_ICL24SEP15500G_02.jpg|http://assets8.exclusively.com/media/catalog/product/2/8/280915_C_ICL24SEP15500G_01.jpg|http://assets8.exclusively.com/media/catalog/product/2/8/280915_C_ICL24SEP15500G_03.jpg|http://assets8.exclusively.com/media/catalog/product/2/8/280915_C_ICL24SEP15500G_04.jpg,
C-IC4NOV15IN405G,http://assets8.exclusively.com/media/catalog/product/0/5/051115C_IC4NOV15IN405G_01.jpg|http://assets8.exclusively.com/media/catalog/product/0/5/051115C_IC4NOV15IN405G_001.jpg,
C-IC4NOV15IN203B,http://assets8.exclusively.com/media/catalog/product/0/5/051115C_IC4NOV15IN203B_01.jpg|http://assets8.exclusively.com/media/catalog/product/0/5/051115C_IC4NOV15IN203B_001.jpg,
C-IC4NOV15IN360B,http://assets8.exclusively.com/media/catalog/product/0/5/051115C_IC4NOV15IN360B_01.jpg|http://assets8.exclusively.com/media/catalog/product/0/5/051115C_IC4NOV15IN360B_001.jpg,
C-IC4NOV15IN203P,http://assets8.exclusively.com/media/catalog/product/0/5/051115C_IC4NOV15IN203P_01.jpg|http://assets8.exclusively.com/media/catalog/product/0/5/051115C_IC4NOV15IN203P_001.jpg,
C-IC4NOV15IN100R,http://assets8.exclusively.com/media/catalog/product/0/5/051115C_IC4NOV15IN100R_01.jpg|http://assets8.exclusively.com/media/catalog/product/0/5/051115C_IC4NOV15IN100R_001.jpg,
C-IC4NOV15IN236P,http://assets8.exclusively.com/media/catalog/product/0/5/051115C_IC4NOV15IN236P_01.jpg|http://assets8.exclusively.com/media/catalog/product/0/5/051115C_IC4NOV15IN236P_001.jpg,
C-IC4NOV15IN225S,http://assets8.exclusively.com/media/catalog/product/0/5/051115C_IC4NOV15IN225S_01.jpg|http://assets8.exclusively.com/media/catalog/product/0/5/051115C_IC4NOV15IN225S_001.jpg,
C-IC4NOV15IN150B,http://assets8.exclusively.com/media/catalog/product/0/5/051115C_IC4NOV15IN150B_01.jpg|http://assets8.exclusively.com/media/catalog/product/0/5/051115C_IC4NOV15IN150B_001.jpg,
C-IC4NOV15IN200C,http://assets8.exclusively.com/media/catalog/product/0/5/051115C_IC4NOV15IN200C_01.jpg|http://assets8.exclusively.com/media/catalog/product/0/5/051115C_IC4NOV15IN200C_001.jpg,
C-IC4NOV15IN125F,http://assets8.exclusively.com/media/catalog/product/0/5/051115C_IC4NOV15IN125F_01.jpg|http://assets8.exclusively.com/media/catalog/product/0/5/051115C_IC4NOV15IN125F_001.jpg,
C-IC4NOV15IN227K,http://assets8.exclusively.com/media/catalog/product/0/5/051115C_IC4NOV15IN227K_01.jpg|http://assets8.exclusively.com/media/catalog/product/0/5/051115C_IC4NOV15IN227K_001.jpg,
C-IC4NOV15IN145C,http://assets8.exclusively.com/media/catalog/product/0/5/051115C_IC4NOV15IN145C_01.jpg|http://assets8.exclusively.com/media/catalog/product/0/5/051115C_IC4NOV15IN145C_001.jpg,
C-IC4NOV15IN600T,http://assets8.exclusively.com/media/catalog/product/0/5/051115C_IC4NOV15IN600T_01.jpg|http://assets8.exclusively.com/media/catalog/product/0/5/051115C_IC4NOV15IN600T_001.jpg|http://assets8.exclusively.com/media/catalog/product/0/5/051115C_IC4NOV15IN600T_02.jpg,
C-IC4NOV15IN225W,http://assets8.exclusively.com/media/catalog/product/0/5/051115C_IC4NOV15IN225W_01.jpg|http://assets8.exclusively.com/media/catalog/product/0/5/051115C_IC4NOV15IN225W_001.jpg,
C-IC4NOV15IN375G,http://assets8.exclusively.com/media/catalog/product/0/5/051115c_ic4nov15in375g-_4_.jpg|http://assets8.exclusively.com/media/catalog/product/0/5/051115c_ic4nov15in375g_001.jpg,
C-ICL17DEC15N227R,http://assets8.exclusively.com/media/catalog/product/2/1/211215C_ICL17DEC15N227R_01.jpg|http://assets8.exclusively.com/media/catalog/product/2/1/211215C_ICL17DEC15N227R_001.jpg,
C-ICL17DEC15N360M,http://assets8.exclusively.com/media/catalog/product/2/1/211215C_ICL17DEC15N360M_01.jpg|http://assets8.exclusively.com/media/catalog/product/2/1/211215C_ICL17DEC15N360M_001.jpg,
C-ICL17DEC15N223M,http://assets8.exclusively.com/media/catalog/product/2/1/211215C_ICL17DEC15N223M_01.jpg|http://assets8.exclusively.com/media/catalog/product/2/1/211215C_ICL17DEC15N223M_001.jpg|http://assets8.exclusively.com/media/catalog/product/2/1/211215C_ICL17DEC15N223M_02.jpg,
C-ICL17DEC15N315M,http://assets8.exclusively.com/media/catalog/product/2/1/211215C_ICL17DEC15N315M_01.jpg|http://assets8.exclusively.com/media/catalog/product/2/1/211215C_ICL17DEC15N315M_001.jpg|http://assets8.exclusively.com/media/catalog/product/2/1/211215C_ICL17DEC15N315M_02.jpg,
C-ICL17DEC15N360S,http://assets8.exclusively.com/media/catalog/product/2/1/211215C_ICL17DEC15N360S_01.jpg|http://assets8.exclusively.com/media/catalog/product/2/1/211215C_ICL17DEC15N360S_001.jpg,
C-ICL17DEC15N350S,http://assets8.exclusively.com/media/catalog/product/2/1/211215C_ICL17DEC15N350S_01.jpg|http://assets8.exclusively.com/media/catalog/product/2/1/211215C_ICL17DEC15N350S_001.jpg,
C-ICL17DEC15N350G,http://assets8.exclusively.com/media/catalog/product/2/1/211215C_ICL17DEC15N350G_01.jpg|http://assets8.exclusively.com/media/catalog/product/2/1/211215C_ICL17DEC15N350G_001.jpg,
C-ICL17DEC15N355G,http://assets8.exclusively.com/media/catalog/product/2/1/211215C_ICL17DEC15N355G_01.jpg|http://assets8.exclusively.com/media/catalog/product/2/1/211215C_ICL17DEC15N355G_001.jpg,
C-ICL17DEC15N400M,http://assets8.exclusively.com/media/catalog/product/2/1/211215C_ICL17DEC15N400M_01.jpg|http://assets8.exclusively.com/media/catalog/product/2/1/211215C_ICL17DEC15N400M_001.jpg,
C-ICL17DEC15N800R,http://assets8.exclusively.com/media/catalog/product/2/1/211215C_ICL17DEC15N800R_01.jpg|http://assets8.exclusively.com/media/catalog/product/2/1/211215C_ICL17DEC15N800R_001.jpg,
C-ICL17DEC15N600T,http://assets8.exclusively.com/media/catalog/product/2/1/211215C_ICL17DEC15N600T_01.jpg|http://assets8.exclusively.com/media/catalog/product/2/1/211215C_ICL17DEC15N600T_001.jpg|http://assets8.exclusively.com/media/catalog/product/2/1/211215C_ICL17DEC15N600T_02.jpg,
C-ICL17DEC15N500R,http://assets8.exclusively.com/media/catalog/product/2/1/211215C_ICL17DEC15N500R_01.jpg|http://assets8.exclusively.com/media/catalog/product/2/1/211215C_ICL17DEC15N500R_001.jpg|http://assets8.exclusively.com/media/catalog/product/2/1/211215C_ICL17DEC15N500R_02.jpg,
C-ICL17DEC15N500M,http://assets8.exclusively.com/media/catalog/product/2/1/211215C_ICL17DEC15N500M_01.jpg|http://assets8.exclusively.com/media/catalog/product/2/1/211215C_ICL17DEC15N500M_001.jpg|http://assets8.exclusively.com/media/catalog/product/2/1/211215C_ICL17DEC15N500M_02.jpg,
C-ICL17DEC15N500S,http://assets8.exclusively.com/media/catalog/product/2/1/211215C_ICL17DEC15N500S_01.jpg|http://assets8.exclusively.com/media/catalog/product/2/1/211215C_ICL17DEC15N500S_001.jpg|http://assets8.exclusively.com/media/catalog/product/2/1/211215C_ICL17DEC15N500S_02.jpg,
C-ICL17DEC15500SM,http://assets8.exclusively.com/media/catalog/product/2/1/211215C_ICL17DEC15500SM_01.jpg|http://assets8.exclusively.com/media/catalog/product/2/1/211215C_ICL17DEC15500SM_001.jpg|http://assets8.exclusively.com/media/catalog/product/2/1/211215C_ICL17DEC15500SM_02.jpg,
C-ICL17DEC15N113W,http://assets8.exclusively.com/media/catalog/product/2/1/211215C_ICL17DEC15N113W_01.jpg|http://assets8.exclusively.com/media/catalog/product/2/1/211215C_ICL17DEC15N113W_001.jpg|http://assets8.exclusively.com/media/catalog/product/2/1/211215C_ICL17DEC15N113W_02.jpg|http://assets8.exclusively.com/media/catalog/product/2/1/211215C_ICL17DEC15N113W_01_1.jpg|http://assets8.exclusively.com/media/catalog/product/2/1/211215C_ICL17DEC15N113W_001_1.jpg|http://assets8.exclusively.com/media/catalog/product/2/1/211215C_ICL17DEC15N113W_02_1.jpg,
M-IC5FEB16NJW325,http://assets8.exclusively.com/media/catalog/product/0/8/080216M_IC5FEB16NJW325_01.jpg|http://assets8.exclusively.com/media/catalog/product/0/8/080216M_IC5FEB16NJW325_02.jpg|http://assets8.exclusively.com/media/catalog/product/0/8/080216M_IC5FEB16NJW325_03.jpg|http://assets8.exclusively.com/media/catalog/product/0/8/080216M_IC5FEB16NJW325_04.jpg,
M-IC5FEB16NJT325,http://assets8.exclusively.com/media/catalog/product/0/8/080216M_IC5FEB16NJT325_01.jpg|http://assets8.exclusively.com/media/catalog/product/0/8/080216M_IC5FEB16NJT325_02.jpg|http://assets8.exclusively.com/media/catalog/product/0/8/080216M_IC5FEB16NJT325_03.jpg|http://assets8.exclusively.com/media/catalog/product/0/8/080216M_IC5FEB16NJT325_04.jpg|http://assets8.exclusively.com/media/catalog/product/0/8/080216M_IC5FEB16NJT325_06.jpg|http://assets8.exclusively.com/media/catalog/product/0/8/080216M_IC5FEB16NJS375_06.jpg,
M-IC5FEB16NJS200,http://assets8.exclusively.com/media/catalog/product/0/8/080216M_IC5FEB16NJS200_01.jpg|http://assets8.exclusively.com/media/catalog/product/0/8/080216M_IC5FEB16NJS200_02.jpg|http://assets8.exclusively.com/media/catalog/product/0/8/080216M_IC5FEB16NJS200_03.jpg|http://assets8.exclusively.com/media/catalog/product/0/8/080216M_IC5FEB16NJS200_04.jpg|http://assets8.exclusively.com/media/catalog/product/0/8/080216M_IC5FEB16NJS200_05.jpg,
M-IC5FEB16NJH300,http://assets8.exclusively.com/media/catalog/product/0/8/080216M_IC5FEB16NJH300_01.jpg|http://assets8.exclusively.com/media/catalog/product/0/8/080216M_IC5FEB16NJH300_02.jpg|http://assets8.exclusively.com/media/catalog/product/0/8/080216M_IC5FEB16NJH300_03.jpg|http://assets8.exclusively.com/media/catalog/product/0/8/080216M_IC5FEB16NJH300_04.jpg,
M-IC5FEB16NJR400,http://assets8.exclusively.com/media/catalog/product/0/8/080216M_IC5FEB16NJR400_01.jpg|http://assets8.exclusively.com/media/catalog/product/0/8/080216M_IC5FEB16NJR400_02.jpg|http://assets8.exclusively.com/media/catalog/product/0/8/080216M_IC5FEB16NJR400_03.jpg|http://assets8.exclusively.com/media/catalog/product/0/8/080216M_IC5FEB16NJR400_04.jpg|http://assets8.exclusively.com/media/catalog/product/0/8/080216M_IC5FEB16NJR400_05.jpg,
M-IC5FEB16NJM600,http://assets8.exclusively.com/media/catalog/product/0/8/080216M_IC5FEB16NJM600_01.jpg|http://assets8.exclusively.com/media/catalog/product/0/8/080216M_IC5FEB16NJM600_02.jpg|http://assets8.exclusively.com/media/catalog/product/0/8/080216M_IC5FEB16NJM600_03.jpg|http://assets8.exclusively.com/media/catalog/product/0/8/080216M_IC5FEB16NJM600_04.jpg,
M-IC5FEB16NJA300,http://assets8.exclusively.com/media/catalog/product/0/8/080216M_IC5FEB16NJA300_01.jpg|http://assets8.exclusively.com/media/catalog/product/0/8/080216M_IC5FEB16NJA300_02.jpg|http://assets8.exclusively.com/media/catalog/product/0/8/080216M_IC5FEB16NJA300_03.jpg|http://assets8.exclusively.com/media/catalog/product/0/8/080216M_IC5FEB16NJA300_04.jpg,
M-IC5FEB16NJW300,http://assets8.exclusively.com/media/catalog/product/0/8/080216M_IC5FEB16NJW300_01.jpg|http://assets8.exclusively.com/media/catalog/product/0/8/080216M_IC5FEB16NJW300_02.jpg|http://assets8.exclusively.com/media/catalog/product/0/8/080216M_IC5FEB16NJW300_03.jpg|http://assets8.exclusively.com/media/catalog/product/0/8/080216M_IC5FEB16NJW300_04.jpg,
M-IC5FEB16NJM300,http://assets8.exclusively.com/media/catalog/product/0/8/080216M_IC5FEB16NJM300_01.jpg|http://assets8.exclusively.com/media/catalog/product/0/8/080216M_IC5FEB16NJM300_02.jpg|http://assets8.exclusively.com/media/catalog/product/0/8/080216M_IC5FEB16NJM300_03.jpg|http://assets8.exclusively.com/media/catalog/product/0/8/080216M_IC5FEB16NJM300_04.jpg,
M-IC5FEB16NJU300,http://assets8.exclusively.com/media/catalog/product/0/8/080216M_IC5FEB16NJU300_01.jpg|http://assets8.exclusively.com/media/catalog/product/0/8/080216M_IC5FEB16NJU300_02.jpg|http://assets8.exclusively.com/media/catalog/product/0/8/080216M_IC5FEB16NJU300_03.jpg|http://assets8.exclusively.com/media/catalog/product/0/8/080216M_IC5FEB16NJU300_04.jpg,
M-IC5FEB16NJE300,http://assets8.exclusively.com/media/catalog/product/0/8/080216M_IC5FEB16NJE300_01.jpg|http://assets8.exclusively.com/media/catalog/product/0/8/080216M_IC5FEB16NJE300_02.jpg|http://assets8.exclusively.com/media/catalog/product/0/8/080216M_IC5FEB16NJE300_03.jpg|http://assets8.exclusively.com/media/catalog/product/0/8/080216M_IC5FEB16NJE300_04.jpg,
M-IC5FEB16NJL300,http://assets8.exclusively.com/media/catalog/product/0/8/080216M_IC5FEB16NJL300_01.jpg|http://assets8.exclusively.com/media/catalog/product/0/8/080216M_IC5FEB16NJL300_02.jpg|http://assets8.exclusively.com/media/catalog/product/0/8/080216M_IC5FEB16NJL300_03.jpg|http://assets8.exclusively.com/media/catalog/product/0/8/080216M_IC5FEB16NJL300_04.jpg,
M-IC5FEB16NJP300,http://assets8.exclusively.com/media/catalog/product/0/8/080216M_IC5FEB16NJP300_01.jpg|http://assets8.exclusively.com/media/catalog/product/0/8/080216M_IC5FEB16NJP300_02.jpg|http://assets8.exclusively.com/media/catalog/product/0/8/080216M_IC5FEB16NJP300_03.jpg|http://assets8.exclusively.com/media/catalog/product/0/8/080216M_IC5FEB16NJP300_04.jpg,
M-IC5FEB16NJS300,http://assets8.exclusively.com/media/catalog/product/0/8/080216M_IC5FEB16NJS300_01.jpg|http://assets8.exclusively.com/media/catalog/product/0/8/080216M_IC5FEB16NJS300_02.jpg|http://assets8.exclusively.com/media/catalog/product/0/8/080216M_IC5FEB16NJS300_03.jpg|http://assets8.exclusively.com/media/catalog/product/0/8/080216M_IC5FEB16NJS300_04.jpg,
M-IC5FEB16NJF300,http://assets8.exclusively.com/media/catalog/product/0/8/080216M_IC5FEB16NJF300_01.jpg|http://assets8.exclusively.com/media/catalog/product/0/8/080216M_IC5FEB16NJF300_02.jpg|http://assets8.exclusively.com/media/catalog/product/0/8/080216M_IC5FEB16NJF300_03.jpg|http://assets8.exclusively.com/media/catalog/product/0/8/080216M_IC5FEB16NJF300_04.jpg,
M-IC5FEB16NJS325,http://assets8.exclusively.com/media/catalog/product/0/8/080216M_IC5FEB16NJS325_01.jpg|http://assets8.exclusively.com/media/catalog/product/0/8/080216M_IC5FEB16NJS325_02.jpg|http://assets8.exclusively.com/media/catalog/product/0/8/080216M_IC5FEB16NJS325_03.jpg|http://assets8.exclusively.com/media/catalog/product/0/8/080216M_IC5FEB16NJS325_04.jpg,
M-IC5FEB16NJC300,http://assets8.exclusively.com/media/catalog/product/0/8/080216M_IC5FEB16NJC300_01.jpg|http://assets8.exclusively.com/media/catalog/product/0/8/080216M_IC5FEB16NJC300_02.jpg|http://assets8.exclusively.com/media/catalog/product/0/8/080216M_IC5FEB16NJC300_03.jpg|http://assets8.exclusively.com/media/catalog/product/0/8/080216M_IC5FEB16NJC300_04.jpg,
M-IC5FEB16NJB375,http://assets8.exclusively.com/media/catalog/product/0/8/080216M_IC5FEB16NJB375_01.jpg|http://assets8.exclusively.com/media/catalog/product/0/8/080216M_IC5FEB16NJB375_02.jpg|http://assets8.exclusively.com/media/catalog/product/0/8/080216M_IC5FEB16NJB375_03.jpg|http://assets8.exclusively.com/media/catalog/product/0/8/080216M_IC5FEB16NJB375_04.jpg,
M-IC5FEB16NJB450,http://assets8.exclusively.com/media/catalog/product/0/8/080216M_IC5FEB16NJB450_01.jpg|http://assets8.exclusively.com/media/catalog/product/0/8/080216M_IC5FEB16NJB450_02.jpg|http://assets8.exclusively.com/media/catalog/product/0/8/080216M_IC5FEB16NJB450_03.jpg|http://assets8.exclusively.com/media/catalog/product/0/8/080216M_IC5FEB16NJB450_04.jpg,
M-IC5FEB16NJD450,http://assets8.exclusively.com/media/catalog/product/0/8/080216M_IC5FEB16NJD450_01.jpg|http://assets8.exclusively.com/media/catalog/product/0/8/080216M_IC5FEB16NJD450_02.jpg|http://assets8.exclusively.com/media/catalog/product/0/8/080216M_IC5FEB16NJD450_03.jpg|http://assets8.exclusively.com/media/catalog/product/0/8/080216M_IC5FEB16NJD450_04.jpg,
M-IC5FEB16NJJ450,http://assets8.exclusively.com/media/catalog/product/0/8/080216M_IC5FEB16NJJ450_01.jpg|http://assets8.exclusively.com/media/catalog/product/0/8/080216M_IC5FEB16NJJ450_02.jpg|http://assets8.exclusively.com/media/catalog/product/0/8/080216M_IC5FEB16NJJ450_03.jpg|http://assets8.exclusively.com/media/catalog/product/0/8/080216M_IC5FEB16NJJ450_04.jpg,
M-IC5FEB16NJS375,http://assets8.exclusively.com/media/catalog/product/0/8/080216M_IC5FEB16NJS375_01.jpg|http://assets8.exclusively.com/media/catalog/product/0/8/080216M_IC5FEB16NJS375_02.jpg|http://assets8.exclusively.com/media/catalog/product/0/8/080216M_IC5FEB16NJS375_03.jpg|http://assets8.exclusively.com/media/catalog/product/0/8/080216M_IC5FEB16NJS375_04.jpg,
M-IC5FEB16NJV375,http://assets8.exclusively.com/media/catalog/product/0/8/080216m_ic5feb16njv375_03.jpg|http://assets8.exclusively.com/media/catalog/product/0/8/080216m_ic5feb16njv375_01.jpg|http://assets8.exclusively.com/media/catalog/product/0/8/080216m_ic5feb16njv375_02.jpg|http://assets8.exclusively.com/media/catalog/product/0/8/080216m_ic5feb16njv375_06.jpg|http://assets8.exclusively.com/media/catalog/product/0/8/080216m_ic5feb16njv375_05.jpg|http://assets8.exclusively.com/media/catalog/product/0/8/080216m_ic5feb16njv375_04.jpg,
M-IC5FEB16NJB325,http://assets8.exclusively.com/media/catalog/product/0/8/080216M_IC5FEB16NJB325_01.jpg|http://assets8.exclusively.com/media/catalog/product/0/8/080216M_IC5FEB16NJB325_02.jpg|http://assets8.exclusively.com/media/catalog/product/0/8/080216M_IC5FEB16NJB325_03.jpg|http://assets8.exclusively.com/media/catalog/product/0/8/080216M_IC5FEB16NJB325_04.jpg,
